供应商名称,商铺主页,经营年限,商铺地址,产品类别,产品数量,采集日期
"雨儿毛绒玩具","https://www.yiwugo.com/hu/574049.html","14年","义乌国际商贸城一区8门1楼8街1010","玩具","1","2026-07-07"
"升辉玩具","https://www.yiwugo.com/hu/677085.html","10年","义乌国际商贸城一区14门1楼9街2252","玩具","2","2026-07-07"
"博乐毛绒玩具","https://www.yiwugo.com/hu/537965.html","14年","义乌国际商贸城一区6门1楼东辅房街F1-093","玩具","2","2026-07-07"
"金华悦翔玩具有限公司","https://www.yiwugo.com/hu/792897.html","1年","浙江省金华市义乌市义乌","玩具","2","2026-07-07"
"义乌市圣丽欣电子发光玩具","https://www.yiwugo.com/hu/545260.html","14年","义乌国际商贸城一区14门1楼7街2126","玩具","1","2026-07-07"
"康达玩具","https://www.yiwugo.com/hu/543387.html","14年","义乌国际商贸城一区17门1楼1街2413","玩具","3","2026-07-07"
"皓玥玩具厂","https://www.yiwugo.com/hu/719601.html","9年","义乌国际商贸城一区17门1楼3街2512A","玩具","2","2026-07-07"
"雅琴电动玩具","https://www.yiwugo.com/hu/545640.html","14年","义乌国际商贸城一区17门1楼6街2668","玩具","2","2026-07-07"
"旭川儿童玩具饰品","https://www.yiwugo.com/hu/546178.html","14年","义乌国际商贸城一区17门1楼5街2625A","玩具","3","2026-07-07"
"鼎浩玩具义乌泡大珠","https://www.yiwugo.com/hu/517157.html","14年","义乌国际商贸城一区北大门1楼2街2496B","玩具","2","2026-07-07"
"臻逸玩具","https://www.yiwugo.com/hu/775650.html","3年","义乌国际商贸城一区11门1楼4街1959","玩具","2","2026-07-07"
"玲玲气球派对用品有限公司","https://www.yiwugo.com/hu/545591.html","14年","义乌国际商贸城一区16门1楼10街2315A","玩具","1","2026-07-07"
"昕宁玩具","https://www.yiwugo.com/hu/776684.html","1年","义乌国际商贸城一区15门1楼4街2586","玩具","1","2026-07-07"
"饰美动漫五金工艺","https://www.yiwugo.com/hu/572068.html","14年","义乌国际商贸城一区17门1楼3街2542B","玩具","2","2026-07-07"
"英俊仿真动物玩具配件厂家","https://www.yiwugo.com/hu/543290.html","14年","义乌国际商贸城一区17门1楼1街2435A","玩具","3","2026-07-07"
"全灵玩具","https://www.yiwugo.com/hu/544455.html","14年","义乌国际商贸城一区16门1楼7街2743B","玩具","1","2026-07-07"
"小嘟崽玩具","https://www.yiwugo.com/hu/771096.html","3年","义乌国际商贸城一区16门1楼10街2898","玩具","2","2026-07-07"
"上海兴隆包子捏捏乐制球（BSCI工厂店）","https://www.yiwugo.com/hu/533444.html","14年","义乌国际商贸城一区1楼1247","玩具","1","2026-07-07"
"义乌乐迪玩具","https://www.yiwugo.com/hu/544167.html","14年","义乌国际商贸城一区11门1楼4街1959","玩具","1","2026-07-07"
"丰怡玩具","https://www.yiwugo.com/hu/545643.html","14年","义乌国际商贸城一区12门1楼9街2221","玩具","3","2026-07-07"
"义乌市酷宝贝玩具","https://www.yiwugo.com/hu/541285.html","14年","义乌国际商贸城一区9门1楼4街1369","玩具","1","2026-07-07"
"风华玩具","https://www.yiwugo.com/hu/788131.html","1年","义乌国际商贸城一区北大门1楼3街2523","玩具","1","2026-07-07"
"阿伦玩具","https://www.yiwugo.com/hu/541354.html","14年","义乌国际商贸城一区7门1楼3街1310","玩具","2","2026-07-07"
"乐加佳玩具","https://www.yiwugo.com/hu/543725.html","14年","义乌国际商贸城一区16门1楼8街2766A","玩具","1","2026-07-07"
"义乌市恒春玩具有限公司","https://www.yiwugo.com/hu/545677.html","14年","义乌国际商贸城一区16门1楼7街2159A","玩具","2","2026-07-07"
"六一玩具","https://www.yiwugo.com/hu/525242.html","14年","义乌国际商贸城一区7门1楼3街0727A","玩具","1","2026-07-07"
"大河马玩具","https://www.yiwugo.com/hu/540010.html","14年","义乌国际商贸城一区11门1楼5街2040","玩具","1","2026-07-07"
"新机缘芭比娃娃玩具","https://www.yiwugo.com/hu/528439.html","14年","义乌国际商贸城一区13门1楼6街2097","玩具","1","2026-07-07"
"纸想造物3D立体纸雕画","https://www.yiwugo.com/hu/770726.html","4年","义乌国际商贸城一区18门1楼8街2802","玩具","1","2026-07-07"
"邺兴玩具","https://www.yiwugo.com/hu/776779.html","3年","义乌国际商贸城一区14门1楼9街2256","玩具","1","2026-07-07"
"百鹤玩具","https://www.yiwugo.com/hu/545648.html","14年","义乌国际商贸城一区12门1楼9街2248","玩具","1","2026-07-07"
"凤铄气球打气筒","https://www.yiwugo.com/hu/750062.html","6年","义乌国际商贸城一区8门1楼10街1695","玩具","1","2026-07-07"
"开辉合金车模型玩具","https://www.yiwugo.com/hu/541899.html","14年","义乌国际商贸城一区12门1楼8街1585","玩具","1","2026-07-07"
"义乌市牛童玩具厂","https://www.yiwugo.com/hu/630159.html","11年","义乌国际商贸城一区13门1楼4街1994A","玩具","1","2026-07-07"
"义乌市智涵小马气球派对","https://www.yiwugo.com/hu/729236.html","8年","义乌国际商贸城一区7门1楼3街1305A","玩具","1","2026-07-07"
"金泉毛绒玩具背包","https://www.yiwugo.com/hu/527912.html","14年","义乌国际商贸城一区7门1楼4街0801A","玩具","1","2026-07-07"
"宏展魔方","https://www.yiwugo.com/hu/545568.html","14年","义乌国际商贸城一区16门1楼10街2291A","玩具","1","2026-07-07"
"义乌市精汇玩具厂","https://www.yiwugo.com/hu/698642.html","10年","义乌国际商贸城一区14门1楼8街2199B","玩具","1","2026-07-07"
"义乌市繁荣3D钥匙扣挂件厂","https://www.yiwugo.com/hu/545337.html","14年","义乌国际商贸城一区16门1楼7街2162","玩具","1","2026-07-07"
"D1-1863豪有趣玩具","https://www.yiwugo.com/hu/793311.html","1年","义乌国际商贸城一区13门1楼2街1863","玩具","1","2026-07-07"
"尚品气球","https://www.yiwugo.com/hu/595459.html","13年","义乌国际商贸城一区8门1楼9街1623","玩具","1","2026-07-07"
"雅达仿真花假树植物外贸工厂","https://www.yiwugo.com/hu/514676.html","14年","义乌国际商贸城一区3门1楼6街0280","仿真花","1","2026-07-07"
"情恰工艺礼品花","https://www.yiwugo.com/hu/514489.html","14年","义乌国际商贸城一区1门1楼6街0268","仿真花","4","2026-07-07"
"浙江拉菲草纸制品有限公司","https://www.yiwugo.com/hu/629239.html","11年","义乌国际商贸城一区3门1楼6街0866","仿真花","5","2026-07-07"
"礼鑫仿真花工艺","https://www.yiwugo.com/hu/789067.html","1年","义乌国际商贸城一区1门1楼1街0038","仿真花","2","2026-07-07"
"英明花艺","https://www.yiwugo.com/hu/518402.html","14年","义乌国际商贸城一区1门1楼1街0017A","仿真花","3","2026-07-07"
"迦柏仿真花","https://www.yiwugo.com/hu/787578.html","2年","义乌国际商贸城一区3门1楼2街0067","仿真花","4","2026-07-07"
"树树仿真花","https://www.yiwugo.com/hu/769893.html","4年","义乌国际商贸城一区3门1楼6街0281B","仿真花","5","2026-07-07"
"栩嘉工艺品","https://www.yiwugo.com/hu/791381.html","1年","义乌国际商贸城一区2门1楼8街0401A","仿真花","3","2026-07-07"
"广东华达花艺","https://www.yiwugo.com/hu/741818.html","7年","义乌国际商贸城一区1门1楼5街0216B","仿真花","1","2026-07-07"
"浦江辰笙花盆工艺品有限公司","https://www.yiwugo.com/hu/785083.html","2年","义乌国际商贸城一区4门1楼8街0386","仿真花","1","2026-07-07"
"义乌市高达花行","https://www.yiwugo.com/hu/510021.html","14年","义乌国际商贸城一区南大门1楼1街0030","仿真花","3","2026-07-07"
"陆斌玻璃花瓶商行","https://www.yiwugo.com/hu/584674.html","13年","义乌国际商贸城一区3门1楼4街0787","仿真花","1","2026-07-07"
"振国工艺","https://www.yiwugo.com/hu/527948.html","14年","义乌国际商贸城一区5门1楼4街0794,0793A","仿真花","1","2026-07-07"
"慧星工艺圣诞花泡沫花","https://www.yiwugo.com/hu/570032.html","14年","义乌国际商贸城一区4门1楼9街0437","仿真花","2","2026-07-07"
"维尚花艺","https://www.yiwugo.com/hu/772238.html","3年","义乌国际商贸城一区5门1楼4街0792","仿真花","4","2026-07-07"
"晓晓永生花卉","https://www.yiwugo.com/hu/730623.html","8年","义乌国际商贸城一区4门1楼9街0457A","仿真花","3","2026-07-07"
"义乌市菀薇永生花干花","https://www.yiwugo.com/hu/651263.html","11年","义乌国际商贸城一区5门1楼1街0607","仿真花","2","2026-07-07"
"红品汇城花艺厂","https://www.yiwugo.com/hu/769076.html","4年","义乌国际商贸城一区4门1楼7街0356B","仿真花","1","2026-07-07"
"福瑞达工艺花行二店","https://www.yiwugo.com/hu/614832.html","12年","义乌国际商贸城一区2门1楼11街0549","仿真花","4","2026-07-07"
"宸艺家麻制品工厂","https://www.yiwugo.com/hu/527981.html","14年","义乌国际商贸城一区3门1楼5街0815","仿真花","1","2026-07-07"
"义乌市群江发泡胶制品厂","https://www.yiwugo.com/hu/614891.html","12年","义乌国际商贸城一区1门1楼5街0221A","仿真花","1","2026-07-07"
"义乌市靖凯包装制品有限公司","https://www.yiwugo.com/hu/766214.html","4年","义乌国际商贸城一区3门1楼4街0788","仿真花","1","2026-07-07"
"绿舒坦人造草坪","https://www.yiwugo.com/hu/556730.html","14年","义乌国际商贸城一区1门1楼6街0266","仿真花","2","2026-07-07"
"摇啊摇工艺品厂","https://www.yiwugo.com/hu/781732.html","2年","义乌国际商贸城一区1门1楼6街0268","仿真花","1","2026-07-07"
"新轩工艺品","https://www.yiwugo.com/hu/520890.html","14年","义乌国际商贸城一区南大门1楼2街0599A,0599B","仿真花","1","2026-07-07"
"Difei蝶斐","https://www.yiwugo.com/hu/792754.html","1年","义乌国际商贸城一区6门1楼6街0898","仿真花","1","2026-07-07"
"旭庆仿真植物","https://www.yiwugo.com/hu/783122.html","2年","义乌国际商贸城一区1门1楼6街0267","仿真花","1","2026-07-07"
"华鹏鲜花包装工艺","https://www.yiwugo.com/hu/521768.html","14年","义乌国际商贸城一区2门1楼11街0528A","仿真花","1","2026-07-07"
"仇氏珠宝","https://www.yiwugo.com/hu/541376.html","14年","义乌国际商贸城一区17门2楼6街5673","珠宝首饰","4","2026-07-07"
"中泰银饰","https://www.yiwugo.com/hu/630089.html","11年","义乌国际商贸城一区17门2楼6街5672B","珠宝首饰","4","2026-07-07"
"茂灵饰品","https://www.yiwugo.com/hu/774219.html","3年","义乌国际商贸城一区12门2楼7街4561","珠宝首饰","1","2026-07-07"
"蝶之恋饰品","https://www.yiwugo.com/hu/716988.html","9年","义乌国际商贸城一区12门2楼8街4613A","珠宝首饰","2","2026-07-07"
"如意鹤饰品","https://www.yiwugo.com/hu/528568.html","14年","义乌国际商贸城一区11门2楼1街4832","珠宝首饰","2","2026-07-07"
"楚恒合金饰品配件","https://www.yiwugo.com/hu/539879.html","14年","义乌国际商贸城一区17门2楼1街5439","珠宝首饰","1","2026-07-07"
"意亚猫眼石","https://www.yiwugo.com/hu/618289.html","12年","义乌国际商贸城一区17门2楼3街5513","珠宝首饰","2","2026-07-07"
"妮博瑞流行耳环","https://www.yiwugo.com/hu/534926.html","14年","义乌国际商贸城一区13门2楼6街5072,5046A,5046B","珠宝首饰","2","2026-07-07"
"杰妮饰品","https://www.yiwugo.com/hu/760812.html","5年","义乌国际商贸城一区9门2楼3街4323B","珠宝首饰","3","2026-07-07"
"海越钢饰","https://www.yiwugo.com/hu/795386.html","1年","义乌国际商贸城一区14门2楼8街5178B","珠宝首饰","2","2026-07-07"
"铜鑫饰品","https://www.yiwugo.com/hu/673322.html","11年","义乌国际商贸城一区9门2楼3街4312","珠宝首饰","3","2026-07-07"
"金玉珠饰","https://www.yiwugo.com/hu/753514.html","6年","义乌国际商贸城一区17门2楼2街5470","珠宝首饰","1","2026-07-07"
"杰妮饰品(米杰尔）","https://www.yiwugo.com/hu/592532.html","13年","义乌国际商贸城一区9门2楼3街4323B","珠宝首饰","1","2026-07-07"
"芭堤娅","https://www.yiwugo.com/hu/767383.html","4年","义乌国际商贸城一区13门2楼6街5070","珠宝首饰","2","2026-07-07"
"义乌金辉饰品厂","https://www.yiwugo.com/hu/539887.html","","义乌国际商贸城一区17门2楼1街5438","珠宝首饰","3","2026-07-07"
"腾哥耳环首饰","https://www.yiwugo.com/hu/570039.html","14年","义乌国际商贸城一区18门2楼8街5801","珠宝首饰","1","2026-07-07"
"志桦饰品包装盒展示架","https://www.yiwugo.com/hu/534937.html","14年","义乌国际商贸城一区13门2楼6街5068","珠宝首饰","2","2026-07-07"
"诗洛琪饰品","https://www.yiwugo.com/hu/763313.html","4年","义乌国际商贸城一区10门2楼11街4739B","珠宝首饰","3","2026-07-07"
"金沐首饰","https://www.yiwugo.com/hu/543340.html","14年","义乌国际商贸城一区16门2楼6街5688A","珠宝首饰","2","2026-07-07"
"伊恋饰品","https://www.yiwugo.com/hu/543280.html","14年","义乌国际商贸城一区18门2楼9街5855B","珠宝首饰","3","2026-07-07"
"浦江龙晶水晶厂家直销","https://www.yiwugo.com/hu/768913.html","4年","义乌国际商贸城一区连接体门2楼3街5526","珠宝首饰","2","2026-07-07"
"艺飞包装","https://www.yiwugo.com/hu/759040.html","5年","义乌国际商贸城一区12门2楼10街5298B","珠宝首饰","1","2026-07-07"
"创意饰品厂","https://www.yiwugo.com/hu/571715.html","2年","义乌国际商贸城一区12门2楼10街4691B","珠宝首饰","1","2026-07-07"
"悠格饰品","https://www.yiwugo.com/hu/759412.html","5年","义乌国际商贸城一区13门2楼2街4861","珠宝首饰","1","2026-07-07"
"紫阳胸针BROOCH","https://www.yiwugo.com/hu/509919.html","14年","义乌国际商贸城一区11门2楼2街4272A","珠宝首饰","1","2026-07-07"
"耐希饰品","https://www.yiwugo.com/hu/626720.html","11年","义乌国际商贸城一区连接体门2楼2街5501A,5500,5527","珠宝首饰","2","2026-07-07"
"欧品格钛钢饰品","https://www.yiwugo.com/hu/769040.html","4年","义乌国际商贸城一区10门2楼9街4626","珠宝首饰","1","2026-07-07"
"茜俪饰界","https://www.yiwugo.com/hu/770611.html","1年","义乌国际商贸城一区13门2楼3街4944B","珠宝首饰","1","2026-07-07"
"俐洁饰品","https://www.yiwugo.com/hu/788847.html","1年","义乌国际商贸城一区11门2楼3街4356A","珠宝首饰","2","2026-07-07"
"森罗饰品","https://www.yiwugo.com/hu/768339.html","","义乌国际商贸城一区12门2楼10街5301","珠宝首饰","1","2026-07-07"
"玥菲尔饰品","https://www.yiwugo.com/hu/783862.html","2年","义乌国际商贸城一区9门2楼4街4399","珠宝首饰","2","2026-07-07"
"义乌多多钛钢不锈钢饰品","https://www.yiwugo.com/hu/570390.html","14年","义乌国际商贸城一区11门2楼1街4250","珠宝首饰","1","2026-07-07"
"童美饰品","https://www.yiwugo.com/hu/630046.html","11年","义乌国际商贸城一区5门2楼5街3845","头饰","3","2026-07-07"
"苏夏儿童饰品","https://www.yiwugo.com/hu/505817.html","14年","义乌国际商贸城一区6门2楼10街4102","头饰","2","2026-07-07"
"奕嘉皮筋","https://www.yiwugo.com/hu/745176.html","7年","义乌国际商贸城一区4门2楼6街3305A","头饰","2","2026-07-07"
"阿甘饰品","https://www.yiwugo.com/hu/540409.html","14年","义乌国际商贸城一区2门2楼11街3558,3557","头饰","3","2026-07-07"
"暮雪皮筋","https://www.yiwugo.com/hu/761699.html","5年","义乌国际商贸城一区1门2楼1街3022","头饰","3","2026-07-07"
"宝光工艺饰品","https://www.yiwugo.com/hu/542471.html","14年","义乌国际商贸城一区7门2楼3街3755","头饰","3","2026-07-07"
"小金羊饰品","https://www.yiwugo.com/hu/546052.html","2年","义乌国际商贸城一区2楼3981","头饰","3","2026-07-07"
"英敏饰品厂家","https://www.yiwugo.com/hu/545897.html","14年","义乌国际商贸城一区南大门2楼7街3575","头饰","3","2026-07-07"
"义乌市惠鑫饰品商行","https://www.yiwugo.com/hu/542824.html","14年","义乌国际商贸城一区7门2楼2街3698","头饰","1","2026-07-07"
"新晨发饰6街3892店","https://www.yiwugo.com/hu/728037.html","8年","义乌国际商贸城一区4门2楼6街3892A","头饰","3","2026-07-07"
"涵涵饰品","https://www.yiwugo.com/hu/638078.html","11年","义乌国际商贸城一区3门2楼3街3147A","头饰","4","2026-07-07"
"Mia饰品（毛巾圈）","https://www.yiwugo.com/hu/778456.html","3年","义乌国际商贸城一区2楼3229B","头饰","2","2026-07-07"
"先河羽毛饰品","https://www.yiwugo.com/hu/788365.html","1年","义乌国际商贸城一区1门2楼5街3220A","头饰","3","2026-07-07"
"三开镜梳工艺","https://www.yiwugo.com/hu/779264.html","3年","义乌国际商贸城一区8门2楼8街4016","头饰","3","2026-07-07"
"米菲饰品","https://www.yiwugo.com/hu/630001.html","11年","义乌国际商贸城一区8门2楼9街4039","头饰","1","2026-07-07"
"蓝玫饰品","https://www.yiwugo.com/hu/594812.html","13年","义乌国际商贸城一区4门2楼7街3334","头饰","2","2026-07-07"
"顶盛头饰","https://www.yiwugo.com/hu/546306.html","14年","义乌国际商贸城一区1门2楼1街3041","头饰","2","2026-07-07"
"义乌市香欣电子商务商行","https://www.yiwugo.com/hu/749517.html","6年","义乌国际商贸城一区1门2楼3街3112","头饰","1","2026-07-07"
"樱桃头饰","https://www.yiwugo.com/hu/572458.html","14年","义乌国际商贸城一区7门2楼4街3781","头饰","2","2026-07-07"
"雪花饰品","https://www.yiwugo.com/hu/762334.html","4年","义乌国际商贸城一区5门2楼5街3845","头饰","3","2026-07-07"
"梦妮头饰发夹厂家","https://www.yiwugo.com/hu/722607.html","9年","义乌国际商贸城一区南大门2楼3街3132","头饰","1","2026-07-07"
"晨明头饰","https://www.yiwugo.com/hu/793670.html","1年","义乌国际商贸城一区6门2楼9街4030B","头饰","1","2026-07-07"
"心韵花环发箍饰品厂","https://www.yiwugo.com/hu/614743.html","12年","义乌国际商贸城一区3门2楼3街3148","头饰","2","2026-07-07"
"奕霏饰品","https://www.yiwugo.com/hu/791179.html","1年","义乌国际商贸城一区4门2楼9街4045","头饰","1","2026-07-07"
"明浩饰品","https://www.yiwugo.com/hu/772769.html","3年","义乌国际商贸城一区2门2楼10街3479A","头饰","1","2026-07-07"
"凯司梳刷","https://www.yiwugo.com/hu/762398.html","4年","义乌国际商贸城一区2门2楼8街3378B","头饰","1","2026-07-07"
"超伟饰品3409","https://www.yiwugo.com/hu/559084.html","14年","义乌国际商贸城一区4门2楼8街3409B","头饰","1","2026-07-07"
"洁颂饰品","https://www.yiwugo.com/hu/751313.html","6年","义乌国际商贸城一区南大门2楼2街3054","头饰","1","2026-07-07"
"锦伟工艺玩具厂","https://www.yiwugo.com/hu/760818.html","5年","义乌国际商贸城一区5门2楼1街3621B","头饰","1","2026-07-07"
"奥靓饰品","https://www.yiwugo.com/hu/502849.html","15年","义乌国际商贸城一区3门2楼5街3251A","头饰","1","2026-07-07"
"东阳市远洋工艺品有限公司","https://www.yiwugo.com/hu/607699.html","12年","义乌国际商贸城一区1门3楼1街6043","喜庆工艺","1","2026-07-07"
"佳和欣圣诞树（源头工厂店）","https://www.yiwugo.com/hu/530152.html","14年","义乌国际商贸城一区2门3楼9街6448","喜庆工艺","6","2026-07-07"
"华仙工艺品（工厂店）","https://www.yiwugo.com/hu/530160.html","14年","义乌国际商贸城一区2门3楼9街6473","喜庆工艺","4","2026-07-07"
"以琳圣诞实力工厂","https://www.yiwugo.com/hu/530146.html","14年","义乌国际商贸城一区2门3楼9街6449","喜庆工艺","5","2026-07-07"
"宝诚工艺","https://www.yiwugo.com/hu/530857.html","14年","义乌国际商贸城一区2门3楼10街6503","喜庆工艺","5","2026-07-07"
"林村工艺品","https://www.yiwugo.com/hu/784613.html","2年","义乌国际商贸城一区南大门3楼6街6262A","喜庆工艺","1","2026-07-07"
"华氏圣诞袜","https://www.yiwugo.com/hu/524834.html","14年","义乌国际商贸城一区南大门3楼3街6130","喜庆工艺","5","2026-07-07"
"义乌市柴客工艺品有限公司","https://www.yiwugo.com/hu/591492.html","13年","义乌国际商贸城一区1门3楼1街6008A,6008B","喜庆工艺","5","2026-07-07"
"彬驰工艺圣诞树","https://www.yiwugo.com/hu/526165.html","14年","义乌国际商贸城一区1门3楼4街6185","喜庆工艺","5","2026-07-07"
"义乌市如建塑料纸灯笼厂","https://www.yiwugo.com/hu/587603.html","13年","义乌国际商贸城一区南大门3楼6街6262B","喜庆工艺","4","2026-07-07"
"媛琦圣诞装饰礼品商行","https://www.yiwugo.com/hu/594128.html","13年","义乌国际商贸城一区南大门3楼5街6209","喜庆工艺","4","2026-07-07"
"义乌吉鲤工艺品厂","https://www.yiwugo.com/hu/529422.html","14年","义乌国际商贸城一区南大门3楼无街6289-2","喜庆工艺","1","2026-07-07"
"昊昊圣诞服饰品厂","https://www.yiwugo.com/hu/524160.html","14年","义乌国际商贸城一区1门3楼1街6035A,6035B,6034","喜庆工艺","3","2026-07-07"
"远创圣诞装饰工艺","https://www.yiwugo.com/hu/613716.html","12年","义乌国际商贸城一区1门3楼5街6214","喜庆工艺","3","2026-07-07"
"义乌市元亚工艺品有限公司","https://www.yiwugo.com/hu/777456.html","3年","义乌国际商贸城一区1门3楼2街6062A,6062B","喜庆工艺","3","2026-07-07"
"汉慕工艺品","https://www.yiwugo.com/hu/772614.html","3年","义乌国际商贸城一区1门3楼4街6191","喜庆工艺","1","2026-07-07"
"永康市贺喜工贸有限公司","https://www.yiwugo.com/hu/772615.html","3年","义乌国际商贸城一区南大门3楼5街6210A","喜庆工艺","2","2026-07-07"
"天成圣诞珠链","https://www.yiwugo.com/hu/754492.html","5年","义乌国际商贸城一区3楼6366B","喜庆工艺","1","2026-07-07"
"秦雷圣诞超级工厂","https://www.yiwugo.com/hu/752268.html","6年","义乌国际商贸城一区南大门3楼4街6131A,6131B","喜庆工艺","1","2026-07-07"
"义乌市航诚工艺品（礼盒）","https://www.yiwugo.com/hu/518692.html","14年","义乌国际商贸城一区8门3楼11街7749,7750","装饰工艺","1","2026-07-07"
"义乌悦美金属相框厂","https://www.yiwugo.com/hu/518277.html","14年","义乌国际商贸城一区16门3楼10街8319A","装饰工艺","6","2026-07-07"
"义乌欣菲工艺蜡烛","https://www.yiwugo.com/hu/514689.html","14年","义乌国际商贸城一区9门3楼1街7219","装饰工艺","2","2026-07-07"
"国平手工制品","https://www.yiwugo.com/hu/514767.html","14年","义乌国际商贸城一区11门3楼2街7277B","装饰工艺","2","2026-07-07"
"佳溢树脂工艺","https://www.yiwugo.com/hu/529169.html","14年","义乌国际商贸城一区3楼7116A,7115","装饰工艺","1","2026-07-07"
"康盛工艺","https://www.yiwugo.com/hu/528944.html","14年","义乌国际商贸城一区3门3楼3街6731","装饰工艺","3","2026-07-07"
"造型蜡烛","https://www.yiwugo.com/hu/776777.html","3年","义乌国际商贸城一区10门3楼10街7708B","装饰工艺","2","2026-07-07"
"义乌薰众香薰工艺蜡烛","https://www.yiwugo.com/hu/527778.html","14年","义乌国际商贸城一区5门3楼5街6827","装饰工艺","2","2026-07-07"
"古香家居","https://www.yiwugo.com/hu/788661.html","1年","义乌国际商贸城一区6门3楼7街6917A","装饰工艺","3","2026-07-07"
"蓝喵树脂工艺","https://www.yiwugo.com/hu/514728.html","14年","义乌国际商贸城一区3门3楼1街6629B","装饰工艺","2","2026-07-07"
"博明瀚永生香薰真花","https://www.yiwugo.com/hu/740343.html","7年","义乌国际商贸城一区5门3楼3街6711","装饰工艺","2","2026-07-07"
"旭阳陶瓷花瓶","https://www.yiwugo.com/hu/753773.html","6年","义乌国际商贸城一区5门3楼3街6756","装饰工艺","1","2026-07-07"
"时尚天然宝石","https://www.yiwugo.com/hu/558664.html","14年","义乌国际商贸城一区9门3楼4街7388B","装饰工艺","1","2026-07-07"
"玻璃制品百艺礼品商行","https://www.yiwugo.com/hu/519798.html","14年","义乌国际商贸城一区9门3楼5街7413","装饰工艺","1","2026-07-07"
"赵饰圣诞","https://www.yiwugo.com/hu/776068.html","3年","义乌国际商贸城一区1门3楼3街6121","装饰工艺","1","2026-07-07"
"雅斯特丽灯饰台灯","https://www.yiwugo.com/hu/525435.html","14年","义乌国际商贸城一区5门3楼5街6813","装饰工艺","2","2026-07-07"
"馨米仿真花礼品店","https://www.yiwugo.com/hu/791264.html","1年","义乌国际商贸城一区9门3楼5街7426A","装饰工艺","1","2026-07-07"
"幻沁工艺","https://www.yiwugo.com/hu/770375.html","4年","义乌国际商贸城一区7门3楼2街7253A","装饰工艺","3","2026-07-07"
"义乌市义源工艺","https://www.yiwugo.com/hu/747024.html","7年","义乌国际商贸城一区6门3楼8街6995A","装饰工艺","1","2026-07-07"
"义乌可迪香薰用品-工厂店","https://www.yiwugo.com/hu/767400.html","4年","义乌国际商贸城一区12门3楼6街7511A","装饰工艺","1","2026-07-07"
"丽飞工艺品厂","https://www.yiwugo.com/hu/603062.html","12年","义乌国际商贸城一区10门3楼9街7658A,7658B","装饰工艺","1","2026-07-07"
"芮浠工艺品","https://www.yiwugo.com/hu/776796.html","3年","义乌国际商贸城一区10门3楼9街7657A","装饰工艺","2","2026-07-07"
"兴兴圣诞工艺品","https://www.yiwugo.com/hu/515760.html","14年","义乌国际商贸城一区4门3楼7街6940","装饰工艺","1","2026-07-07"
"泰戈尔铁艺烛台厂","https://www.yiwugo.com/hu/763302.html","4年","义乌国际商贸城一区9门3楼3街7318A,7318B","装饰工艺","2","2026-07-07"
"义乌市旭强羽毛有限公司","https://www.yiwugo.com/hu/523631.html","14年","义乌国际商贸城一区3门3楼6街6283","装饰工艺","1","2026-07-07"
"金威工艺","https://www.yiwugo.com/hu/528941.html","14年","义乌国际商贸城一区3门3楼3街6705","装饰工艺","2","2026-07-07"
"博娜树脂工艺品摆件","https://www.yiwugo.com/hu/523271.html","14年","义乌国际商贸城一区6门3楼8街7010","装饰工艺","1","2026-07-07"
"铭辉树脂工艺品厂","https://www.yiwugo.com/hu/514690.html","14年","义乌国际商贸城一区9门3楼3街7345A","装饰工艺","1","2026-07-07"
"亿辰陶瓷花瓶","https://www.yiwugo.com/hu/769391.html","4年","义乌国际商贸城一区11门3楼2街7304","装饰工艺","1","2026-07-07"
"森之物","https://www.yiwugo.com/hu/779201.html","3年","义乌国际商贸城一区7门3楼6街7463","装饰工艺","1","2026-07-07"
"亿帛工艺首饰架","https://www.yiwugo.com/hu/560835.html","14年","义乌国际商贸城一区5门3楼6街6866","装饰工艺","2","2026-07-07"
"琪盛工艺","https://www.yiwugo.com/hu/524831.html","14年","义乌国际商贸城一区6门3楼7街6917A,6917B","装饰工艺","2","2026-07-07"
"晟宜家居风灯","https://www.yiwugo.com/hu/514289.html","14年","义乌国际商贸城一区7门3楼2街7281","装饰工艺","1","2026-07-07"
"黄斌扇业","https://www.yiwugo.com/hu/519221.html","14年","义乌国际商贸城一区9门3楼5街7425A","装饰工艺","1","2026-07-07"
"义乌海若工艺礼品","https://www.yiwugo.com/hu/547376.html","14年","义乌国际商贸城一区9门3楼1街7241","装饰工艺","1","2026-07-07"
"旭阳草编工艺品","https://www.yiwugo.com/hu/787353.html","2年","义乌国际商贸城一区9门3楼1街7246","装饰工艺","1","2026-07-07"
"匠星水晶烛台冰箱贴有限公司","https://www.yiwugo.com/hu/505991.html","14年","义乌国际商贸城一区11门3楼3街7353A","装饰工艺","1","2026-07-07"
"索飛雅冰箱贴工艺","https://www.yiwugo.com/hu/514931.html","14年","义乌国际商贸城一区9门3楼2街7268","装饰工艺","1","2026-07-07"
"佳烨烛艺","https://www.yiwugo.com/hu/625002.html","11年","义乌国际商贸城一区6门3楼7街6930,6908,6929","装饰工艺","1","2026-07-07"
"思颖工艺","https://www.yiwugo.com/hu/794101.html","1年","义乌国际商贸城一区11门3楼1街7252A","装饰工艺","1","2026-07-07"
"义乌市乐喵招财猫工艺品有限公司","https://www.yiwugo.com/hu/625405.html","11年","义乌国际商贸城一区8门3楼6街6910","装饰工艺","1","2026-07-07"
"秀秀工艺蜡烛工厂店","https://www.yiwugo.com/hu/513794.html","14年","义乌国际商贸城一区5门3楼1街6635A","装饰工艺","1","2026-07-07"
"凯旋装饰画","https://www.yiwugo.com/hu/784197.html","2年","义乌国际商贸城一区12门3楼10街8320","相框","4","2026-07-07"
"俊晨画业","https://www.yiwugo.com/hu/760086.html","5年","义乌国际商贸城一区14门3楼10街8312","相框","5","2026-07-07"
"九晟油画装饰画装饰工艺","https://www.yiwugo.com/hu/556625.html","14年","义乌国际商贸城一区14门3楼11街8360","相框","5","2026-07-07"
"义乌铸世装饰画油画工艺品","https://www.yiwugo.com/hu/547032.html","14年","义乌国际商贸城一区14门3楼11街8366","相框","5","2026-07-07"
"元通晶瓷画","https://www.yiwugo.com/hu/503065.html","15年","义乌国际商贸城一区14门3楼8街8211A","相框","4","2026-07-07"
"依琳工艺品有限公司","https://www.yiwugo.com/hu/571285.html","14年","义乌国际商贸城一区16门3楼10街8294","相框","2","2026-07-07"
"艺能装饰油画","https://www.yiwugo.com/hu/503136.html","15年","义乌国际商贸城一区14门3楼8街8205,8158","相框","4","2026-07-07"
"威尔达工艺相册","https://www.yiwugo.com/hu/505158.html","14年","义乌国际商贸城一区14门3楼11街8341","相框","6","2026-07-07"
"典点装饰画","https://www.yiwugo.com/hu/712574.html","10年","义乌国际商贸城一区14门3楼10街8314","相框","4","2026-07-07"
"莱塞相框工艺商行","https://www.yiwugo.com/hu/752693.html","6年","义乌国际商贸城一区14门3楼11街8363","相框","4","2026-07-07"
"俊晨画业","https://www.yiwugo.com/hu/785708.html","2年","义乌国际商贸城一区14门3楼10街8312","相框","4","2026-07-07"
"喜莱特相框","https://www.yiwugo.com/hu/776709.html","3年","义乌国际商贸城一区14门3楼9街8260","相框","1","2026-07-07"
"典点装饰画","https://www.yiwugo.com/hu/762556.html","4年","义乌国际商贸城一区14门3楼11街8340","相框","2","2026-07-07"
"月森工艺","https://www.yiwugo.com/hu/628945.html","11年","义乌国际商贸城一区14门3楼8街8183","相框","2","2026-07-07"
"非常工艺品","https://www.yiwugo.com/hu/503383.html","15年","义乌国际商贸城一区14门3楼10街8308,8309","相框","2","2026-07-07"
"东旭工艺品","https://www.yiwugo.com/hu/502448.html","15年","义乌国际商贸城一区14门3楼7街8154A,8164,8105","相框","1","2026-07-07"
"利达彩瓷","https://www.yiwugo.com/hu/502243.html","15年","义乌国际商贸城一区13门3楼6街8067","瓷器水晶","5","2026-07-07"
"艺泽陶瓷杯","https://www.yiwugo.com/hu/710963.html","10年","义乌国际商贸城一区13门3楼5街8030,8004","瓷器水晶","5","2026-07-07"
"金希陶瓷","https://www.yiwugo.com/hu/792862.html","1年","义乌国际商贸城一区3楼8016","瓷器水晶","4","2026-07-07"
"尚达齐天陶瓷制品","https://www.yiwugo.com/hu/587195.html","13年","义乌国际商贸城一区13门3楼2街7859","瓷器水晶","1","2026-07-07"
"佳盛陶瓷水果盘","https://www.yiwugo.com/hu/501917.html","15年","义乌国际商贸城一区13门3楼5街8039","瓷器水晶","3","2026-07-07"
"潮州市梓樾陶瓷工厂","https://www.yiwugo.com/hu/788137.html","1年","义乌国际商贸城一区11门3楼2街7884","瓷器水晶","5","2026-07-07"
"记连灯饰台灯","https://www.yiwugo.com/hu/504928.html","14年","义乌国际商贸城一区13门3楼2街7865,9472","瓷器水晶","3","2026-07-07"
"红松工艺礼品","https://www.yiwugo.com/hu/518687.html","14年","义乌国际商贸城一区13门3楼6街8069","瓷器水晶","4","2026-07-07"
"百盛陶瓷","https://www.yiwugo.com/hu/538063.html","14年","义乌国际商贸城一区15门3楼2街7898A","瓷器水晶","2","2026-07-07"
"巴克星辰陶瓷杯","https://www.yiwugo.com/hu/502002.html","15年","义乌国际商贸城一区13门3楼6街8082A","瓷器水晶","2","2026-07-07"
"义乌麦客数码影像有限公司","https://www.yiwugo.com/hu/742413.html","7年","义乌国际商贸城一区13门3楼4街7976","瓷器水晶","1","2026-07-07"
"聚星杯业","https://www.yiwugo.com/hu/769761.html","4年","义乌国际商贸城一区13门3楼3街7937A","瓷器水晶","3","2026-07-07"
"热转印耗材","https://www.yiwugo.com/hu/757953.html","5年","义乌国际商贸城一区13门3楼4街7971A","瓷器水晶","2","2026-07-07"
"湘玉陶瓷商行","https://www.yiwugo.com/hu/506642.html","14年","义乌国际商贸城一区13门3楼3街7947","瓷器水晶","2","2026-07-07"
"阿莲陶瓷","https://www.yiwugo.com/hu/502044.html","15年","义乌国际商贸城一区13门3楼1街7838","瓷器水晶","2","2026-07-07"
"鹏艺陶瓷","https://www.yiwugo.com/hu/606760.html","12年","义乌国际商贸城一区13门3楼1街7841A","瓷器水晶","2","2026-07-07"
"广东潮州生辉陶瓷制作厂","https://www.yiwugo.com/hu/506412.html","14年","义乌国际商贸城一区13门3楼3街7915","瓷器水晶","2","2026-07-07"
"佳缘工艺品","https://www.yiwugo.com/hu/523221.html","14年","义乌国际商贸城一区11门3楼6街8061","瓷器水晶","2","2026-07-07"
"高阳马克杯咖啡杯","https://www.yiwugo.com/hu/769426.html","4年","义乌国际商贸城一区11门3楼2街7885","瓷器水晶","1","2026-07-07"
"热转印产品","https://www.yiwugo.com/hu/793560.html","1年","义乌国际商贸城一区15门3楼3街7956B","瓷器水晶","1","2026-07-07"
"卓洽陶瓷","https://www.yiwugo.com/hu/730753.html","8年","义乌国际商贸城一区3楼8020,8019,8045","瓷器水晶","1","2026-07-07"
"正才陶瓷","https://www.yiwugo.com/hu/501950.html","15年","义乌国际商贸城一区13门3楼5街8015","瓷器水晶","1","2026-07-07"
"碧星水晶","https://www.yiwugo.com/hu/505219.html","14年","义乌国际商贸城一区3楼7853,7854","瓷器水晶","1","2026-07-07"
"方圆陶瓷","https://www.yiwugo.com/hu/730702.html","8年","义乌国际商贸城一区15门3楼3街7954","瓷器水晶","1","2026-07-07"
"京璨景泰蓝","https://www.yiwugo.com/hu/501843.html","15年","义乌国际商贸城一区13门3楼4街7991","瓷器水晶","1","2026-07-07"
"博妞礼品公司","https://www.yiwugo.com/hu/505983.html","14年","义乌国际商贸城一区13门3楼3街7950","瓷器水晶","1","2026-07-07"
"义乌潮美陶瓷","https://www.yiwugo.com/hu/609618.html","12年","义乌国际商贸城一区13门3楼4街7997","瓷器水晶","1","2026-07-07"
"鑫华陶瓷","https://www.yiwugo.com/hu/569945.html","14年","义乌国际商贸城一区13门3楼3街7909","瓷器水晶","1","2026-07-07"
